label	locus_id	target	num_segments	is_stitched
sorted	locus_split_3e3a953a	ISEc23_IS66_unknown_stitched	4	True
sorted	locus_split_24ffa948	ISEc23_IS66_unknown_stitched	4	True
sorted	locus_split_706beea7	ISEc52_IS3_IS3_stitched	3	True
sorted	locus_split_9590545c	ISSfl10_IS3_IS3_stitched	2	True
sorted	locus_split_5c510eec	IS1397_IS3_IS150_stitched	6	True
sorted	locus_split_f01b5806	IS1397_IS3_IS150_stitched	5	True
sorted	locus_split_69933934	IS1397_IS3_IS150_stitched	4	True
sorted	locus_split_b6c84f36	ISEc8_IS66_unknown_stitched	5	True
sorted	locus_split_08118dcc	ISEc8_IS66_unknown_stitched	3	True
sorted	locus_split_c4bbb76c	ISEc8_IS66_unknown_stitched	3	True
sorted	locus_split_d312201a	IS1F_IS1_unknown_stitched	3	True
sorted	locus_split_4a29051e	IS1F_IS1_unknown_stitched	3	True
sorted	locus_e93dcf1a	ISEc23_IS66_unknown	1	False
sorted	locus_da13a4f3	ISEc12_IS21_unknown	1	False
sorted	locus_a5cf0b41	ISEc12_IS21_unknown	1	False
sorted	locus_7e256995	ISEc12_IS21_unknown	1	False
sorted	locus_e73a476c	IS609_IS200/IS605_IS605	1	False
sorted	locus_c3d52e95	ISSfl10_IS3_IS3	1	False
sorted	locus_3b6131ef	IS3411_IS3_IS51	1	False
sorted	locus_7e5848cf	IS1397_IS3_IS150	1	False
sorted	locus_9e51b9b3	IS200C_IS200/IS605_IS200	1	False
sorted	locus_84ebd084	IS1A_IS1_unknown	1	False
sorted	locus_3c598f8e	ISEc23_IS66_unknown	1	False
sorted	locus_e95d3f3a	IS1F_IS1_unknown	1	False
sorted	locus_e196b4d2	IS1R_IS1_unknown	1	False
sorted	locus_d3584435	IS600_IS3_IS3	1	False
sorted	locus_486b2d2d	IS1R_IS1_unknown	1	False
sorted	locus_fd1a5905	IS1397_IS3_IS150	1	False
sorted	locus_db9720d8	IS1397_IS3_IS150	1	False
sorted	locus_ed1983a0	IS200C_IS200/IS605_IS200	1	False
sorted	locus_26f2678a	IS200C_IS200/IS605_IS200	1	False
sorted	locus_fba3bb83	ISSfl10_IS3_IS3	1	False
sorted	locus_3e369169	ISEc12_IS21_unknown	1	False
sorted	locus_8a60c19c	ISEc8_IS66_unknown	1	False
sorted	locus_35a1decd	IS1R_IS1_unknown	1	False
sorted	locus_d31f5c32	IS1R_IS1_unknown	1	False
sorted	locus_91169910	IS1F_IS1_unknown	1	False
sorted	locus_bb80fe4b	ISEc52_IS3_IS3	1	False
sorted	locus_5f1087ff	ISEc12_IS21_unknown	1	False
sorted	locus_d11021eb	IS200C_IS200/IS605_IS200	1	False
sorted	locus_dc8a36f1	IS600_IS3_IS3	1	False
sorted	locus_9f15a617	ISEc8_IS66_unknown	1	False
sorted	locus_c6b33316	ISEc12_IS21_unknown	1	False
sorted	locus_ae4cd946	IS30D_IS30_unknown	1	False
sorted	locus_9c66356b	ISEc22_IS66_unknown	1	False
sorted	locus_e23ca09c	ISEc12_IS21_unknown	1	False
sorted	locus_9266d6c6	IS682_IS66_unknown	1	False
sorted	locus_ad0e4fe9	ISEc12_IS21_unknown	1	False
sorted	locus_a9852772	ISKox3_ISL3_unknown	1	False
sorted	locus_162573cb	IS3411_IS3_IS51	1	False
sorted	locus_d4ffe3c9	ISSfl10_IS3_IS3	1	False
sorted	locus_0dc1f40d	ISSd1_IS3_IS3	1	False
sorted	locus_8806c90d	IS200C_IS200/IS605_IS200	1	False
sorted	locus_a3ae3a73	ISEc8_IS66_unknown	1	False
sorted	locus_ba871754	IS629_IS3_IS51	1	False
sorted	locus_21298842	IS100kyp_IS21_unknown	1	False
sorted	locus_35d6d10e	ISEc20_IS110_unknown	1	False
sorted	locus_bffb0539	IS640_IS21_unknown	1	False
sorted	locus_246f931a	IS21_IS21_unknown	1	False
sorted	locus_72bc23de	ISEc52_IS3_IS3	1	False
sorted	locus_a2e4d1a5	ISEc12_IS21_unknown	1	False
sorted	locus_b3200245	IS609_IS200/IS605_IS605	1	False
sorted	locus_93298ca7	IS609_IS200/IS605_IS605	1	False
sorted	locus_7fdff303	IS609_IS200/IS605_IS605	1	False
sorted	locus_05498e03	ISEc53_ISL3_unknown	1	False
sorted	locus_57baf698	ISEc52_IS3_IS3	1	False
sorted	locus_0d682741	ISCro1_IS66_unknown	1	False
sorted	locus_e73d7f36	IS21_IS21_unknown	1	False
sorted	locus_804fd4f3	ISEc49_IS66_unknown	1	False
sorted	locus_6fe1e35a	ISEc43_IS66_unknown	1	False
sorted	locus_1a5e01ee	ISEc49_IS66_unknown	1	False
sorted	locus_f1f53b69	IS629_IS3_IS51	1	False
sorted	locus_7f115058	IS1397_IS3_IS150	1	False
sorted	locus_c0e84ceb	IS682_IS66_unknown	1	False
sorted	locus_f33925f0	ISEch14_IS3_IS150	1	False
sorted	locus_57ac9b53	ISEc45_IS110_IS1111	1	False
sorted	locus_43777d5e	ISEc83_IS66_unknown	1	False
sorted	locus_f7adea7c	ISEc8_IS66_unknown	1	False
sorted	locus_3728bc54	ISEc23_IS66_unknown	1	False
sorted	locus_ae25e56c	ISEc12_IS21_unknown	1	False
sorted	locus_6c6dbcc9	ISEc23_IS66_unknown	1	False
sorted	locus_f4e7b3f2	IS609_IS200/IS605_IS605	1	False
sorted	locus_4f6d093b	ISEc23_IS66_unknown	1	False
sorted	locus_fa10bc43	ISEc52_IS3_IS3	1	False
sorted	locus_ec20cecd	IS1F_IS1_unknown	1	False
sorted	locus_bf71fb4b	IS200C_IS200/IS605_IS200	1	False
sorted	locus_a6102bfb	ISEc12_IS21_unknown	1	False
sorted	locus_2c5a74d2	IS1203_IS3_IS51	1	False
sorted	locus_367ab0f7	IS1X2_IS1_unknown	1	False
sorted	locus_26e1a673	IS1397_IS3_IS150	1	False
sorted	locus_804a3b96	ISEc10_IS21_unknown	1	False
sorted	locus_346fe76b	ISKpn42_IS110_unknown	1	False
sorted	locus_896a26b1	ISEc52_IS3_IS3	1	False
sorted	locus_1e496069	ISEc24_IS3_IS51	1	False
sorted	locus_688356cd	IS4_IS4_IS4	1	False
sorted	locus_8037d0b1	ISCfr4_IS30_unknown	1	False
sorted	locus_e1da11fe	ISSen3_IS21_unknown	1	False
sorted	locus_05b592bf	MITEEc1_IS630_unknown	1	False
sorted	locus_b78b46fb	ISEc12_IS21_unknown	1	False
sorted	locus_68a76570	ISSen1_IS3_IS3	1	False
sorted	locus_e507b231	ISEc52_IS3_IS3	1	False
sorted	locus_7f55d4a1	IS621_IS110_unknown	1	False
sorted	locus_8697bbf5	IS200C_IS200/IS605_IS200	1	False
sorted	locus_9a734766	IS1D_IS1_unknown	1	False
sorted	locus_9f1aae36	IS1B_IS1_unknown	1	False
sorted	locus_aae313b1	ISEcp1_IS1380_unknown	1	False
sorted	locus_bd1d4afd	IS600_IS3_IS3	1	False
sorted	locus_4f957818	ISEc52_IS3_IS3	1	False
sorted	locus_756a9084	MITEEc1_IS630_unknown	1	False
sorted	locus_791cb9ca	ISEc38_ISL3_unknown	1	False
sorted	locus_f6fc3f77	ISEc23_IS66_unknown	1	False
sorted	locus_5cd1240d	IS2_IS3_IS2	1	False
sorted	locus_9263a1e2	ISEc52_IS3_IS3	1	False
sorted	locus_8e0f2b76	ISEc52_IS3_IS3	1	False
sorted	locus_e4c27423	ISEc47_IS66_unknown	1	False
sorted	locus_3d27e649	IS200C_IS200/IS605_IS200	1	False
sorted	locus_1d40ad41	ISEc1_ISAs1_unknown	1	False
sorted	locus_69eb44c5	ISEc8_IS66_unknown	1	False
sorted	locus_9bcfe67f	IS629_IS3_IS51	1	False
sorted	locus_f6e92b8f	IS1F_IS1_unknown	1	False
sorted	locus_79878dfa	ISEc13_IS4_IS50	1	False
sorted	locus_bc25d3ac	ISLad1_IS3_IS3	1	False
sorted	locus_19b26cc8	ISEc8_IS66_unknown	1	False
sorted	locus_fddbc2f0	IS682_IS66_unknown	1	False
sorted	locus_158ed7d0	ISEc49_IS66_unknown	1	False
sorted	locus_1954fe9c	ISEc23_IS66_unknown	1	False
sorted	locus_ed5c91cc	IS1B_IS1_unknown	1	False
sorted	locus_a7b7b6e6	IS1G_IS1_unknown	1	False
