transcript	chromStart	chromEnd	name	repeats	synonyms	Buffer_10	Buffer_15	Buffer_25	Buffer_50	category	truth_name	truth_idx	score	strand	buffer
HG941718.1	3334642	3335068	IS682	1		TP	TP	TP	TP	TP					100
HG941718.1	3335118	3335415	IS682	1		TP	TP	TP	TP	TP					100
HG941718.1	3335445	3336546	IS682	1		TP	TP	TP	TP	TP					100
HG941718.1	3323700	3324540	IS2	1	['IS4521L', 'IS4521R']	TP	TP	TP	TP	TP					100
HG941718.1	3324563	3324929	IS2	1	['IS4521L', 'IS4521R']	TP	TP	TP	TP	TP					100
HG941718.1	3325080	3326067	IS2	1	['IS4521L', 'IS4521R']	FP	FP	FP	FP	TP					100
HG941718.1	4158786	4159068	IS629	1	['IS3411', 'IS3411L', 'IS3411R']	TP	TP	TP	TP	TP					100
HG941718.1	4159080	4159194	IS629	1	['IS3411', 'IS3411L', 'IS3411R']	TP	TP	TP	TP	TP					100
HG941718.1	4159265	4159592	IS629	1	['IS3411', 'IS3411L', 'IS3411R']	TP	TP	TP	TP	TP					100
HG941718.1	4159649	4160195	IS629	1	['IS3411', 'IS3411L', 'IS3411R']	TP	TP	TP	TP	TP					100
HG941719.1	73111	75355	IS26	2	['IS15DIV']	TP	TP	TP	TP	TP					100
HG941719.1	75367	76084	IS26	2	['IS15DIV']	TP	TP	TP	TP	TP					100
HG941719.1	76117	76672	IS26	2	['IS15DIV']	TP	TP	TP	TP	TP					100
HG941719.1	86194	86911	IS26	3	['IS15DIV']	TP	TP	TP	TP	TP					100
HG941719.1	86916	87237	IS26	3	['IS15DIV']	TP	TP	TP	TP	TP					100
HG941719.1	98096	98813	IS26	5	['IS15DIV']	TP	TP	TP	TP	TP					100
HG941719.1	98936	99812	IS26	5	['IS15DIV']	FP	FP	FP	FP	TP					100
HG941719.1	97069	97975	IS26	5	['IS15DIV']	FP	FP	FP	FP	TP					100
HG941719.1	100450	102466	IS15	1	['IS1522', 'IS15L', 'IS15R', 'IS26']	TP	TP	TP	TP	TP					100
HG941719.1	102500	103217	IS15	1	['IS1522', 'IS15L', 'IS15R', 'IS26']	TP	TP	TP	TP	TP					100
HG941719.1	103222	103417	IS15	1	['IS1522', 'IS15L', 'IS15R', 'IS26']	TP	TP	TP	TP	TP					100
HG941719.1	104809	105502	IS15	1	['IS1522', 'IS15L', 'IS15R', 'IS26']	TP	TP	TP	TP	TP					100
HG941719.1	98936	99812	IS15	1	['IS1522', 'IS15L', 'IS15R', 'IS26']	FP	FP	FP	FP	TP					100
HG941719.1	104809	105502	IS26	6	['IS15DIV']	TP	TP	TP	TP	TP					100
HG941719.1	105507	106224	IS26	6	['IS15DIV']	TP	TP	TP	TP	TP					100
HG941719.1	106262	107792	IS26	6	['IS15DIV']	TP	TP	TP	TP	TP					100
HG941719.1	103222	103417	IS26	6	['IS15DIV']	TP	TP	TP	TP	TP					100
HG941718.1	3312880	3313249	IS30	1	['IS30H']	TP	TP	TP	TP	TP					100
HG941718.1	3313322	3314357	IS30	1	['IS30H']	TP	TP	TP	TP	TP					100
HG941718.1	3314441	3315260	IS30	1	['IS30H']	FP	FP	FP	FP	TP					100
HG941719.1	120422	120698	IS1A	3	['IS1SD']	TP	TP	TP	TP	TP					100
HG941719.1	120742	121120	IS1A	3	['IS1SD']	TP	TP	TP	TP	TP					100
HG941719.1	121153	121318	IS1A	3	['IS1SD']	FP	FP	TP	TP	TP					100
HG941718.1	4953658	4953868	IS629	1	['IS3411', 'IS3411L', 'IS3411R']	FP	FP	FP	FP	wrong_name	IS1F	43.0			100
HG941718.1	4953490	4953658	IS629	1	['IS3411', 'IS3411L', 'IS3411R']	FP	FP	FP	FP	wrong_name	IS1F	43.0			100
HG941718.1	4953170	4953446	IS629	1	['IS3411', 'IS3411L', 'IS3411R']	FP	FP	FP	FP	wrong_name	IS1F	43.0			100
HG941718.1	3315271	3315727	ISEc8	1		FP	FP	FP	FP	wrong_name	ISSd1	25.0			100
HG941718.1	3314441	3315260	ISEc8	1		FP	FP	FP	FP	wrong_name	IS30	24.0			100
HG941718.1	2252147	2252282	IS21	1	['IS640']	FP	FP	FP	FP	wrong_name	IS100kyp	13.0			100
HG941718.1	2252290	2252422	IS21	1	['IS640']	FP	FP	FP	FP	wrong_name	IS100kyp	13.0			100
HG941718.1	2254198	2254471	IS21	1	['IS640']	FP	FP	FP	FP	wrong_name	IS100kyp	13.0			100
HG941718.1	233363	233759	ISEc12	1		FP	FP	FP	FP	wrong_name	ISEc23	0.0			100
HG941718.1	233812	234238	ISEc12	1		FP	FP	FP	FP	wrong_name	ISEc23	0.0			100
HG941718.1	234288	234585	ISEc12	1		FP	FP	FP	FP	wrong_name	ISEc23	0.0			100
HG941718.1	234615	236229	ISEc12	1		FP	FP	FP	FP	wrong_name	ISEc23	0.0			100
HG941718.1	813465	814899	ISEc12	2		FP	FP	FP	FP	wrong_name	MITEEc1	1.0			100
HG941718.1	815081	817343	ISEc12	2		FP	FP	FP	FP	wrong_name	MITEEc1	1.0			100
HG941718.1	1365822	1366380	ISEc12	3		FP	FP	FP	FP	wrong_name	ISCfr4	2.0			100
HG941718.1	1365203	1365521	ISEc12	3		FP	FP	FP	FP	wrong_name	ISCfr4	2.0			100
HG941718.1	1366517	1369175	ISEc12	3		FP	FP	FP	FP	wrong_name	ISCfr4	2.0			100
HG941718.1	1372322	1373039	ISEc12	4		FP	FP	FP	FP	wrong_name	ISEc24	3.0			100
HG941718.1	1373173	1373458	ISEc12	4		FP	FP	FP	FP	wrong_name	ISEc24	3.0			100
HG941718.1	1372163	1372250	ISEc12	4		FP	FP	FP	FP	wrong_name	ISEc24	3.0			100
HG941718.1	1373568	1374744	ISEc12	4		FP	FP	FP	FP	wrong_name	ISEc24	3.0			100
HG941718.1	1417331	1418537	ISCro1	1		FP	FP	FP	FP	wrong_name	IS4	4.0			100
HG941718.1	1418661	1421337	ISCro1	1		FP	FP	FP	FP	wrong_name	IS4	4.0			100
HG941718.1	1479579	1480038	ISEc23	1		FP	FP	FP	FP	wrong_name	ISEc12	5.0			100
HG941718.1	1480173	1481694	ISEc23	1		FP	FP	FP	FP	wrong_name	ISEc12	5.0			100
HG941718.1	1481705	1482455	ISEc23	1		FP	FP	FP	FP	wrong_name	ISEc12	5.0			100
HG941718.1	1647672	1648809	ISEc23	2		FP	FP	FP	FP	wrong_name	ISEc1	6.0			100
HG941718.1	1648879	1649449	ISEc23	2		FP	FP	FP	FP	wrong_name	ISEc1	6.0			100
HG941718.1	1997599	1998202	ISEc23	3		FP	FP	FP	FP	wrong_name	IS1397	7.0			100
HG941718.1	1998256	1998355	ISEc23	3		FP	FP	FP	FP	wrong_name	IS1397	7.0			100
HG941718.1	1998426	1998948	ISEc23	3		FP	FP	FP	FP	wrong_name	IS1397	7.0			100
HG941718.1	1999057	2000068	ISEc23	3		FP	FP	FP	FP	wrong_name	IS1397	7.0			100
HG941718.1	2103358	2103856	ISEc10	1		FP	FP	FP	FP	wrong_name	IS609	8.0			100
HG941718.1	2103938	2104037	ISEc10	1		FP	FP	FP	FP	wrong_name	IS609	8.0			100
HG941718.1	2104065	2104614	ISEc10	1		FP	FP	FP	FP	wrong_name	IS609	8.0			100
HG941718.1	2135397	2136000	ISEc8	2		FP	FP	FP	FP	wrong_name	IS1397	9.0			100
HG941718.1	2136054	2136153	ISEc8	2		FP	FP	FP	FP	wrong_name	IS1397	9.0			100
HG941718.1	2136224	2136746	ISEc8	2		FP	FP	FP	FP	wrong_name	IS1397	9.0			100
HG941718.1	2134678	2135314	ISEc8	2		FP	FP	FP	FP	wrong_name	IS1397	9.0			100
HG941718.1	2140033	2142442	IS21	2	['IS640']	FP	FP	FP	FP	wrong_name	IS200C	10.0			100
HG941718.1	2142532	2142991	IS21	2	['IS640']	FP	FP	FP	FP	wrong_name	IS200C	10.0			100
HG941718.1	2143187	2143787	IS21	2	['IS640']	FP	FP	FP	FP	wrong_name	IS200C	10.0			100
HG941718.1	2244184	2244286	ISEc53	1		FP	FP	FP	FP	wrong_name	ISEc38	11.0			100
HG941718.1	2244334	2245192	ISEc53	1		FP	FP	FP	FP	wrong_name	ISEc38	11.0			100
HG941718.1	2245323	2245575	ISEc53	1		FP	FP	FP	FP	wrong_name	ISEc38	11.0			100
HG941718.1	2243916	2244036	ISEc53	1		FP	FP	FP	FP	wrong_name	ISEc38	11.0			100
HG941718.1	2249111	2250308	IS100kyp	1	['IS100']	FP	FP	FP	FP	wrong_name	ISEc20	12.0			100
HG941718.1	2250431	2250710	IS100kyp	1	['IS100']	FP	FP	FP	FP	wrong_name	ISEc20	12.0			100
HG941718.1	2248646	2248880	IS100kyp	1	['IS100']	FP	FP	FP	FP	wrong_name	ISEc20	12.0			100
HG941718.1	2252290	2252422	ISEcp1	1	['ISEc9']	FP	FP	FP	FP	wrong_name	IS100kyp	13.0			100
HG941718.1	2252431	2253121	ISEcp1	1	['ISEc9']	FP	FP	FP	FP	wrong_name	IS100kyp	13.0			100
HG941718.1	2253123	2254146	ISEcp1	1	['ISEc9']	FP	FP	FP	FP	wrong_name	IS100kyp	13.0			100
HG941718.1	2254198	2254471	ISEcp1	1	['ISEc9']	FP	FP	FP	FP	wrong_name	IS100kyp	13.0			100
HG941718.1	2252147	2252282	ISEcp1	1	['ISEc9']	FP	FP	FP	FP	wrong_name	IS100kyp	13.0			100
HG941718.1	2263744	2265904	ISEc38	1		FP	FP	FP	FP	wrong_name	ISEc23	14.0			100
HG941718.1	2265918	2266344	ISEc38	1		FP	FP	FP	FP	wrong_name	ISEc23	14.0			100
HG941718.1	2266394	2266691	ISEc38	1		FP	FP	FP	FP	wrong_name	ISEc23	14.0			100
HG941718.1	2266721	2268335	ISEc38	1		FP	FP	FP	FP	wrong_name	ISEc23	14.0			100
HG941718.1	2268397	2268550	ISEc38	1		FP	FP	FP	FP	wrong_name	ISEc23	14.0			100
HG941718.1	2270666	2271188	ISEc20	1		FP	FP	FP	FP	wrong_name	ISEc12	15.0			100
HG941718.1	2271323	2272844	ISEc20	1		FP	FP	FP	FP	wrong_name	ISEc12	15.0			100
HG941718.1	2272855	2273605	ISEc20	1		FP	FP	FP	FP	wrong_name	ISEc12	15.0			100
HG941718.1	2268397	2268550	ISEc20	1		FP	FP	FP	FP	wrong_name	ISEc23	14.0			100
HG941718.1	2273699	2274038	ISEc20	1		FP	FP	FP	FP	wrong_name	ISEc12	15.0			100
HG941718.1	2284951	2285410	IS1397	1		FP	FP	FP	FP	wrong_name	IS200C	16.0			100
HG941718.1	2285626	2286985	IS1397	1		FP	FP	FP	FP	wrong_name	IS200C	16.0			100
HG941718.1	2283413	2284841	IS1397	1		FP	FP	FP	FP	wrong_name	IS200C	16.0			100
HG941718.1	2384729	2385107	IS1397	2		FP	FP	FP	FP	wrong_name	IS1A	17.0			100
HG941718.1	2385178	2385394	IS1397	2		FP	FP	FP	FP	wrong_name	IS1A	17.0			100
HG941718.1	2385460	2386087	IS1397	2		FP	FP	FP	FP	wrong_name	IS1A	17.0			100
HG941718.1	3110277	3111900	IS609	1		FP	FP	FP	FP	wrong_name	ISEc12	18.0			100
HG941718.1	3112061	3113582	IS609	1		FP	FP	FP	FP	wrong_name	ISEc12	18.0			100
HG941718.1	3113593	3114343	IS609	1		FP	FP	FP	FP	wrong_name	ISEc12	18.0			100
HG941718.1	3114393	3116196	IS609	1		FP	FP	FP	FP	wrong_name	ISEc12	18.0			100
HG941718.1	3236206	3237286	ISEc22	1		FP	FP	FP	FP	wrong_name	MITEEc1	19.0			100
HG941718.1	3237499	3238663	ISEc22	1		FP	FP	FP	FP	wrong_name	MITEEc1	19.0			100
HG941718.1	3288145	3288358	ISEc52	1		FP	FP	FP	FP	wrong_name	IS1A	20.0			100
HG941718.1	3288368	3288872	ISEc52	1		FP	FP	FP	FP	wrong_name	IS1A	20.0			100
HG941718.1	3290003	3290129	ISEc52	1		FP	FP	FP	FP	wrong_name	IS1A	21.0			100
HG941718.1	3290161	3290665	ISEc52	1		FP	FP	FP	FP	wrong_name	IS1A	21.0			100
HG941718.1	3290161	3290665	ISEc52	2		FP	FP	FP	FP	wrong_name	IS1A	21.0			100
HG941718.1	3290700	3290826	ISEc52	2		FP	FP	FP	FP	wrong_name	IS1A	21.0			100
HG941718.1	3290887	3291157	ISEc52	2		FP	FP	FP	FP	wrong_name	IS1A	21.0			100
HG941718.1	3290003	3290129	ISEc52	2		FP	FP	FP	FP	wrong_name	IS1A	21.0			100
HG941718.1	3288368	3288872	ISEc52	2		FP	FP	FP	FP	wrong_name	IS1A	20.0			100
HG941718.1	3293265	3293877	ISSd1	1	['IS600', 'ISS1']	FP	FP	FP	FP	wrong_name	IS1203	22.0			100
HG941718.1	3293880	3293994	ISSd1	1	['IS600', 'ISS1']	FP	FP	FP	FP	wrong_name	IS1203	22.0			100
HG941718.1	3294065	3294392	ISSd1	1	['IS600', 'ISS1']	FP	FP	FP	FP	wrong_name	IS1203	22.0			100
HG941718.1	3295131	3295878	ISSd1	1	['IS600', 'ISS1']	FP	FP	FP	FP	wrong_name	ISKox3	23.0			100
HG941718.1	3295934	3296003	ISSd1	1	['IS600', 'ISS1']	FP	FP	FP	FP	wrong_name	ISKox3	23.0			100
HG941718.1	3295131	3295878	ISEc24	1		FP	FP	FP	FP	wrong_name	ISKox3	23.0			100
HG941718.1	3295934	3296003	ISEc24	1		FP	FP	FP	FP	wrong_name	ISKox3	23.0			100
HG941718.1	3294065	3294392	ISEc24	1		FP	FP	FP	FP	wrong_name	IS1203	22.0			100
HG941718.1	3293880	3293994	ISEc24	1		FP	FP	FP	FP	wrong_name	IS1203	22.0			100
HG941718.1	3315271	3315727	IS30	1	['IS30H']	FP	FP	FP	FP	wrong_name	ISSd1	25.0			100
HG941718.1	3316142	3316604	IS30	1	['IS30H']	FP	FP	FP	FP	wrong_name	ISEch14	26.0			100
HG941718.1	3316640	3317180	IS30	1	['IS30H']	FP	FP	FP	FP	wrong_name	ISEch14	26.0			100
HG941718.1	3316142	3316604	ISEc1	1	['H-rptE', 'ISEc5', 'RhsE']	FP	FP	FP	FP	wrong_name	ISEch14	26.0			100
HG941718.1	3316640	3317180	ISEc1	1	['H-rptE', 'ISEc5', 'RhsE']	FP	FP	FP	FP	wrong_name	ISEch14	26.0			100
HG941718.1	3317252	3317675	ISEc1	1	['H-rptE', 'ISEc5', 'RhsE']	FP	FP	FP	FP	wrong_name	ISEch14	26.0			100
HG941718.1	3317684	3317888	ISEc1	1	['H-rptE', 'ISEc5', 'RhsE']	FP	FP	FP	FP	wrong_name	ISEch14	26.0			100
HG941718.1	3315271	3315727	ISEc1	1	['H-rptE', 'ISEc5', 'RhsE']	FP	FP	FP	FP	wrong_name	ISSd1	25.0			100
HG941718.1	3314441	3315260	ISEc1	1	['H-rptE', 'ISEc5', 'RhsE']	FP	FP	FP	FP	wrong_name	IS30	24.0			100
HG941718.1	3336689	3338081	IS1203	1	['IS3411']	FP	FP	FP	FP	wrong_name	ISEc22	29.0			100
HG941718.1	3335445	3336546	IS1203	1	['IS3411']	FP	FP	FP	FP	wrong_name	IS682	28.0			100
HG941718.1	3335118	3335415	IS1203	1	['IS3411']	FP	FP	FP	FP	wrong_name	IS682	28.0			100
HG941718.1	3334642	3335068	IS1203	1	['IS3411']	FP	FP	FP	FP	wrong_name	IS682	28.0			100
HG941718.1	3360619	3362119	ISSd1	2	['IS600', 'ISS1']	FP	FP	FP	FP	wrong_name	ISEc10	30.0			100
HG941718.1	3362310	3362871	ISSd1	2	['IS600', 'ISS1']	FP	FP	FP	FP	wrong_name	ISEc10	30.0			100
HG941718.1	3360335	3360431	ISSd1	2	['IS600', 'ISS1']	FP	FP	FP	FP	wrong_name	ISEc10	30.0			100
HG941718.1	3558437	3558740	IS4	1		FP	FP	FP	FP	wrong_name	ISEc52	31.0			100
HG941718.1	3558766	3559585	IS4	1		FP	FP	FP	FP	wrong_name	ISEc52	31.0			100
HG941718.1	3559612	3560071	IS4	1		FP	FP	FP	FP	wrong_name	ISEc52	31.0			100
HG941718.1	3557486	3558320	IS4	1		FP	FP	FP	FP	wrong_name	ISEc52	31.0			100
HG941718.1	3820356	3821565	IS1R	1	['IS1G']	FP	FP	FP	FP	wrong_name	IS609	32.0			100
HG941718.1	3821587	3821788	IS1R	1	['IS1G']	FP	FP	FP	FP	wrong_name	IS609	32.0			100
HG941718.1	3821867	3823592	IS1R	1	['IS1G']	FP	FP	FP	FP	wrong_name	IS609	32.0			100
HG941718.1	3819349	3820234	IS1R	1	['IS1G']	FP	FP	FP	FP	wrong_name	IS609	32.0			100
HG941718.1	4140093	4140489	IS1A	1	['IS1SD']	FP	FP	FP	FP	wrong_name	IS1F	33.0			100
HG941718.1	4140515	4140791	IS1A	1	['IS1SD']	FP	FP	FP	FP	wrong_name	IS1F	33.0			100
HG941718.1	4140819	4141131	IS1A	1	['IS1SD']	FP	FP	FP	FP	wrong_name	IS1F	33.0			100
HG941718.1	4159649	4160195	IS1A	2	['IS1SD']	FP	FP	FP	FP	wrong_name	IS629	35.0			100
HG941718.1	4159265	4159592	IS1A	2	['IS1SD']	FP	FP	FP	FP	wrong_name	IS629	35.0			100
HG941718.1	4159080	4159194	IS1A	2	['IS1SD']	FP	FP	FP	FP	wrong_name	IS629	35.0			100
HG941718.1	4159649	4160195	IS1F	1	['IS1T', 'IS1X1']	FP	FP	FP	FP	wrong_name	IS629	35.0			100
HG941718.1	4171181	4171859	IS1F	2	['IS1T', 'IS1X1']	FP	FP	FP	FP	wrong_name	ISCro1	36.0			100
HG941718.1	4171912	4172206	IS1F	2	['IS1T', 'IS1X1']	FP	FP	FP	FP	wrong_name	ISCro1	36.0			100
HG941718.1	4172225	4173797	IS1F	2	['IS1T', 'IS1X1']	FP	FP	FP	FP	wrong_name	ISCro1	36.0			100
HG941718.1	4175167	4175929	ISEc52	3		FP	FP	FP	FP	wrong_name	IS21	37.0			100
HG941718.1	4175964	4177137	ISEc52	3		FP	FP	FP	FP	wrong_name	IS21	37.0			100
HG941718.1	4177223	4177778	ISEc52	3		FP	FP	FP	FP	wrong_name	IS21	37.0			100
HG941718.1	4174701	4175097	ISEc52	3		FP	FP	FP	FP	wrong_name	IS21	37.0			100
HG941718.1	4924931	4925120	ISEc49	1		FP	FP	FP	FP	wrong_name	ISEc23	38.0			100
HG941718.1	4925173	4925599	ISEc49	1		FP	FP	FP	FP	wrong_name	ISEc23	38.0			100
HG941718.1	4925649	4925946	ISEc49	1		FP	FP	FP	FP	wrong_name	ISEc23	38.0			100
HG941718.1	4925976	4927590	ISEc49	1		FP	FP	FP	FP	wrong_name	ISEc23	38.0			100
HG941718.1	4937618	4938881	IS200C	1	['IS200', 'IS200B']	FP	FP	FP	FP	wrong_name	ISEc9	39.0			100
HG941718.1	4939086	4940067	IS200C	1	['IS200', 'IS200B']	FP	FP	FP	FP	wrong_name	IS5	40.0			100
HG941718.1	4940068	4940200	IS200C	1	['IS200', 'IS200B']	FP	FP	FP	FP	wrong_name	IS5	40.0			100
HG941718.1	4935995	4937339	IS200C	1	['IS200', 'IS200B']	FP	FP	FP	FP	wrong_name	ISEc9	39.0			100
HG941718.1	4942429	4943143	ISEch14	1		FP	FP	FP	FP	wrong_name	IS600	41.0			100
HG941718.1	4943283	4943586	ISEch14	1		FP	FP	FP	FP	wrong_name	IS600	41.0			100
HG941718.1	4943601	4944198	ISEch14	1		FP	FP	FP	FP	wrong_name	IS600	41.0			100
HG941718.1	4944363	4944777	ISEch14	1		FP	FP	FP	FP	wrong_name	ISEc52	42.0			100
HG941718.1	4953061	4953142	IS609	2		FP	FP	FP	FP	wrong_name	IS1F	43.0			100
HG941718.1	4953170	4953446	IS609	2		FP	FP	FP	FP	wrong_name	IS1F	43.0			100
HG941718.1	4953490	4953658	IS609	2		FP	FP	FP	FP	wrong_name	IS1F	43.0			100
HG941718.1	4953658	4953868	IS609	2		FP	FP	FP	FP	wrong_name	IS1F	43.0			100
HG941718.1	4956037	4957423	ISEc49	2		FP	FP	FP	FP	wrong_name	ISEc8	44.0			100
HG941718.1	4957472	4957766	ISEc49	2		FP	FP	FP	FP	wrong_name	ISEc8	44.0			100
HG941718.1	4957816	4958197	ISEc49	2		FP	FP	FP	FP	wrong_name	ISEc8	44.0			100
HG941718.1	4955883	4955952	ISEc49	2		FP	FP	FP	FP	wrong_name	ISEc8	44.0			100
HG941718.1	4971626	4971881	ISCfr4	1		FP	FP	FP	FP	wrong_name	ISEc12	45.0			100
HG941718.1	4972042	4973563	ISCfr4	1		FP	FP	FP	FP	wrong_name	ISEc12	45.0			100
HG941718.1	4973574	4974324	ISCfr4	1		FP	FP	FP	FP	wrong_name	ISEc12	45.0			100
HG941718.1	4974433	4974547	ISCfr4	1		FP	FP	FP	FP	wrong_name	ISEc12	45.0			100
HG941718.1	5007374	5008193	MITEEc1	1		FP	FP	FP	FP	wrong_name	ISEc52	47.0			100
HG941718.1	5008219	5008522	MITEEc1	1		FP	FP	FP	FP	wrong_name	ISEc52	47.0			100
HG941718.1	5008647	5009691	MITEEc1	1		FP	FP	FP	FP	wrong_name	ISEc52	47.0			100
HG941718.1	5007190	5007343	MITEEc1	1		FP	FP	FP	FP	wrong_name	ISEc52	47.0			100
HG941718.1	5014841	5016062	MITEEc1	2		FP	FP	FP	FP	wrong_name	ISEc53	48.0			100
HG941718.1	5016080	5016599	MITEEc1	2		FP	FP	FP	FP	wrong_name	ISEc53	48.0			100
HG941718.1	5016746	5017106	MITEEc1	2		FP	FP	FP	FP	wrong_name	ISEc53	48.0			100
HG941719.1	33776	36305	ISEc23	4		FP	FP	FP	FP	wrong_name	IS26	49.0			100
HG941719.1	36339	37056	ISEc23	4		FP	FP	FP	FP	wrong_name	IS26	49.0			100
HG941719.1	37299	38562	ISEc23	4		FP	FP	FP	FP	wrong_name	IS26	50.0			100
HG941719.1	38749	38980	ISEc23	4		FP	FP	FP	FP	wrong_name	IS26	50.0			100
HG941719.1	43346	43481	IS6100	1	['IS6100L', 'IS6100R', 'Tn610']	FP	FP	FP	FP	wrong_name	IS26	51.0			100
HG941719.1	43486	44203	IS6100	1	['IS6100L', 'IS6100R', 'Tn610']	FP	FP	FP	FP	wrong_name	IS26	51.0			100
HG941719.1	40836	43344	IS6100	1	['IS6100L', 'IS6100R', 'Tn610']	FP	FP	FP	FP	wrong_name	IS26	51.0			100
HG941719.1	44300	44612	IS6100	1	['IS6100L', 'IS6100R', 'Tn610']	FP	FP	FP	FP	wrong_name	IS26	51.0			100
HG941719.1	66956	67232	IS26	1	['IS15DIV']	FP	FP	FP	FP	wrong_name	IS1R	52.0			100
HG941719.1	67276	67654	IS26	1	['IS15DIV']	FP	FP	FP	FP	wrong_name	IS1R	52.0			100
HG941719.1	67686	68160	IS26	1	['IS15DIV']	FP	FP	FP	FP	wrong_name	IS1R	52.0			100
HG941719.1	93963	94758	IS26	4	['IS15DIV']	FP	FP	FP	FP	wrong_name	IS6100	55.0			100
HG941719.1	94776	94878	IS26	4	['IS15DIV']	FP	FP	FP	FP	wrong_name	IS6100	55.0			100
HG941719.1	131288	132902	IS1R	2	['IS1G']	FP	FP	FP	FP	wrong_name	ISEc23	60.0			100
HG941719.1	132932	133229	IS1R	2	['IS1G']	FP	FP	FP	FP	wrong_name	ISEc23	60.0			100
HG941719.1	133279	133705	IS1R	2	['IS1G']	FP	FP	FP	FP	wrong_name	ISEc23	60.0			100
HG941719.1	131155	131233	IS1R	2	['IS1G']	FP	FP	FP	FP	wrong_name	ISEc23	60.0			100
HG941719.1	133862	134918	IS1R	2	['IS1G']	FP	FP	FP	FP	wrong_name	ISEc23	60.0			100
HG941719.1	134951	135464	IS1R	2	['IS1G']	FP	FP	FP	FP	FP					100
HG941718.1	2238980	2239202	IS682	1		FP	FP	FP	FP	FP					100
HG941718.1	2239328	2239445	IS682	1		FP	FP	FP	FP	FP					100
HG941718.1	3334275	3334437	IS682	1		FP	FP	FP	FP	FP					100
HG941718.1	3334009	3334210	IS682	1		FP	FP	FP	FP	FP					100
HG941718.1	3333064	3333982	IS682	1		FP	FP	FP	FP	FP					100
HG941718.1	2239640	2240855	IS682	1		FP	FP	FP	FP	FP					100
HG941718.1	2240868	2241627	IS682	1		FP	FP	FP	FP	FP					100
HG941718.1	2241680	2242646	IS682	1		FP	FP	FP	FP	FP					100
HG941718.1	4954027	4954138	IS629	1	['IS3411', 'IS3411L', 'IS3411R']	FP	FP	FP	FP	FP					100
HG941718.1	4160352	4160985	IS629	1	['IS3411', 'IS3411L', 'IS3411R']	FP	FP	FP	FP	FP					100
HG941718.1	4161107	4161491	IS629	1	['IS3411', 'IS3411L', 'IS3411R']	FP	FP	FP	FP	FP					100
HG941718.1	4915805	4916081	ISEc8	1		FP	FP	FP	FP	FP					100
HG941718.1	3315775	3315871	ISEc8	1		FP	FP	FP	FP	FP					100
HG941718.1	4916194	4916410	ISEc8	1		FP	FP	FP	FP	FP					100
HG941718.1	4916874	4917639	ISEc8	1		FP	FP	FP	FP	FP					100
HG941718.1	4917774	4917855	ISEc8	1		FP	FP	FP	FP	FP					100
HG941718.1	2251879	2252095	IS21	1	['IS640']	FP	FP	FP	FP	FP					100
HG941718.1	2251692	2251785	IS21	1	['IS640']	FP	FP	FP	FP	FP					100
HG941718.1	2251540	2251633	IS21	1	['IS640']	FP	FP	FP	FP	FP					100
HG941718.1	2254776	2254914	IS21	1	['IS640']	FP	FP	FP	FP	FP					100
HG941718.1	2255643	2256816	IS21	1	['IS640']	FP	FP	FP	FP	FP					100
HG941718.1	2256880	2257117	IS21	1	['IS640']	FP	FP	FP	FP	FP					100
HG941718.1	232497	233208	ISEc12	1		FP	FP	FP	FP	FP					100
HG941718.1	232265	232484	ISEc12	1		FP	FP	FP	FP	FP					100
HG941718.1	232160	232244	ISEc12	1		FP	FP	FP	FP	FP					100
HG941718.1	236362	236491	ISEc12	1		FP	FP	FP	FP	FP					100
HG941718.1	236780	238499	ISEc12	1		FP	FP	FP	FP	FP					100
HG941718.1	238609	239119	ISEc12	1		FP	FP	FP	FP	FP					100
HG941718.1	812337	813390	ISEc12	2		FP	FP	FP	FP	FP					100
HG941718.1	811200	812154	ISEc12	2		FP	FP	FP	FP	FP					100
HG941718.1	817483	818767	ISEc12	2		FP	FP	FP	FP	FP					100
HG941718.1	818918	819395	ISEc12	2		FP	FP	FP	FP	FP					100
HG941718.1	1364122	1365199	ISEc12	3		FP	FP	FP	FP	FP					100
HG941718.1	1363797	1364091	ISEc12	3		FP	FP	FP	FP	FP					100
HG941718.1	1369180	1369384	ISEc12	3		FP	FP	FP	FP	FP					100
HG941718.1	1369397	1370567	ISEc12	3		FP	FP	FP	FP	FP					100
HG941718.1	1371834	1372005	ISEc12	4		FP	FP	FP	FP	FP					100
HG941718.1	1371448	1371700	ISEc12	4		FP	FP	FP	FP	FP					100
HG941718.1	1374958	1376050	ISEc12	4		FP	FP	FP	FP	FP					100
HG941718.1	1376166	1376751	ISEc12	4		FP	FP	FP	FP	FP					100
HG941718.1	1416586	1417204	ISCro1	1		FP	FP	FP	FP	FP					100
HG941718.1	1416074	1416203	ISCro1	1		FP	FP	FP	FP	FP					100
HG941718.1	1415569	1415983	ISCro1	1		FP	FP	FP	FP	FP					100
HG941718.1	1421813	1422461	ISCro1	1		FP	FP	FP	FP	FP					100
HG941718.1	1422618	1422780	ISCro1	1		FP	FP	FP	FP	FP					100
HG941718.1	1476038	1479512	ISEc23	1		FP	FP	FP	FP	FP					100
HG941718.1	1475743	1475812	ISEc23	1		FP	FP	FP	FP	FP					100
HG941718.1	1475177	1475696	ISEc23	1		FP	FP	FP	FP	FP					100
HG941718.1	1482654	1482765	ISEc23	1		FP	FP	FP	FP	FP					100
HG941718.1	1482916	1485823	ISEc23	1		FP	FP	FP	FP	FP					100
HG941718.1	1485838	1486366	ISEc23	1		FP	FP	FP	FP	FP					100
HG941718.1	1647073	1647193	ISEc23	2		FP	FP	FP	FP	FP					100
HG941718.1	1645361	1646861	ISEc23	2		FP	FP	FP	FP	FP					100
HG941718.1	1644187	1645249	ISEc23	2		FP	FP	FP	FP	FP					100
HG941718.1	1649623	1650469	ISEc23	2		FP	FP	FP	FP	FP					100
HG941718.1	1650564	1651458	ISEc23	2		FP	FP	FP	FP	FP					100
HG941718.1	1996659	1997406	ISEc23	3		FP	FP	FP	FP	FP					100
HG941718.1	1995868	1996624	ISEc23	3		FP	FP	FP	FP	FP					100
HG941718.1	1994857	1995844	ISEc23	3		FP	FP	FP	FP	FP					100
HG941718.1	2000076	2000688	ISEc23	3		FP	FP	FP	FP	FP					100
HG941718.1	2000718	2000796	ISEc23	3		FP	FP	FP	FP	FP					100
HG941718.1	2103049	2103250	ISEc10	1		FP	FP	FP	FP	FP					100
HG941718.1	2101814	2103020	ISEc10	1		FP	FP	FP	FP	FP					100
HG941718.1	2101214	2101631	ISEc10	1		FP	FP	FP	FP	FP					100
HG941718.1	2104621	2104705	ISEc10	1		FP	FP	FP	FP	FP					100
HG941718.1	2105195	2105444	ISEc10	1		FP	FP	FP	FP	FP					100
HG941718.1	2105577	2106129	ISEc10	1		FP	FP	FP	FP	FP					100
HG941718.1	2137006	2137657	ISEc8	2		FP	FP	FP	FP	FP					100
HG941718.1	2138043	2138196	ISEc8	2		FP	FP	FP	FP	FP					100
HG941718.1	2138465	2138642	ISEc8	2		FP	FP	FP	FP	FP					100
HG941718.1	2133673	2134678	ISEc8	2		FP	FP	FP	FP	FP					100
HG941718.1	2133151	2133565	ISEc8	2		FP	FP	FP	FP	FP					100
HG941718.1	2143854	2147250	IS21	2	['IS640']	FP	FP	FP	FP	FP					100
HG941718.1	2147310	2147775	IS21	2	['IS640']	FP	FP	FP	FP	FP					100
HG941718.1	2139752	2139983	IS21	2	['IS640']	FP	FP	FP	FP	FP					100
HG941718.1	2139038	2139743	IS21	2	['IS640']	FP	FP	FP	FP	FP					100
HG941718.1	2138740	2139028	IS21	2	['IS640']	FP	FP	FP	FP	FP					100
HG941718.1	2245997	2246387	ISEc53	1		FP	FP	FP	FP	FP					100
HG941718.1	2246395	2246797	ISEc53	1		FP	FP	FP	FP	FP					100
HG941718.1	2246962	2247532	ISEc53	1		FP	FP	FP	FP	FP					100
HG941718.1	2243722	2243836	ISEc53	1		FP	FP	FP	FP	FP					100
HG941718.1	2242648	2243683	ISEc53	1		FP	FP	FP	FP	FP					100
HG941718.1	2250797	2251406	IS100kyp	1	['IS100']	FP	FP	FP	FP	FP					100
HG941718.1	2251540	2251633	IS100kyp	1	['IS100']	FP	FP	FP	FP	FP					100
HG941718.1	2248512	2248596	IS100kyp	1	['IS100']	FP	FP	FP	FP	FP					100
HG941718.1	2248171	2248348	IS100kyp	1	['IS100']	FP	FP	FP	FP	FP					100
HG941718.1	2251879	2252095	ISEcp1	1	['ISEc9']	FP	FP	FP	FP	FP					100
HG941718.1	2251692	2251785	ISEcp1	1	['ISEc9']	FP	FP	FP	FP	FP					100
HG941718.1	2254776	2254914	ISEcp1	1	['ISEc9']	FP	FP	FP	FP	FP					100
HG941718.1	2255643	2256816	ISEcp1	1	['ISEc9']	FP	FP	FP	FP	FP					100
HG941718.1	2256880	2257117	ISEcp1	1	['ISEc9']	FP	FP	FP	FP	FP					100
HG941718.1	2268666	2269572	ISEc38	1		FP	FP	FP	FP	FP					100
HG941718.1	2269580	2270639	ISEc38	1		FP	FP	FP	FP	FP					100
HG941718.1	2263633	2263717	ISEc38	1		FP	FP	FP	FP	FP					100
HG941718.1	2263092	2263527	ISEc38	1		FP	FP	FP	FP	FP					100
HG941718.1	2262719	2262794	ISEc38	1		FP	FP	FP	FP	FP					100
HG941718.1	2269580	2270639	ISEc20	1		FP	FP	FP	FP	FP					100
HG941718.1	2268666	2269572	ISEc20	1		FP	FP	FP	FP	FP					100
HG941718.1	2274053	2274464	ISEc20	1		FP	FP	FP	FP	FP					100
HG941718.1	2274684	2275503	ISEc20	1		FP	FP	FP	FP	FP					100
HG941718.1	2287251	2288181	IS1397	1		FP	FP	FP	FP	FP					100
HG941718.1	2288226	2289051	IS1397	1		FP	FP	FP	FP	FP					100
HG941718.1	2282038	2283211	IS1397	1		FP	FP	FP	FP	FP					100
HG941718.1	2281446	2281920	IS1397	1		FP	FP	FP	FP	FP					100
HG941718.1	2386102	2388583	IS1397	2		FP	FP	FP	FP	FP					100
HG941718.1	2388598	2389273	IS1397	2		FP	FP	FP	FP	FP					100
HG941718.1	2389353	2389896	IS1397	2		FP	FP	FP	FP	FP					100
HG941718.1	2384275	2384572	IS1397	2		FP	FP	FP	FP	FP					100
HG941718.1	2383675	2384194	IS1397	2		FP	FP	FP	FP	FP					100
HG941718.1	2382812	2383637	IS1397	2		FP	FP	FP	FP	FP					100
HG941718.1	3116200	3117799	IS609	1		FP	FP	FP	FP	FP					100
HG941718.1	3117804	3119223	IS609	1		FP	FP	FP	FP	FP					100
HG941718.1	3119266	3119638	IS609	1		FP	FP	FP	FP	FP					100
HG941718.1	3109006	3110221	IS609	1		FP	FP	FP	FP	FP					100
HG941718.1	3108485	3108929	IS609	1		FP	FP	FP	FP	FP					100
HG941718.1	3107774	3108377	IS609	1		FP	FP	FP	FP	FP					100
HG941718.1	3235155	3236016	ISEc22	1		FP	FP	FP	FP	FP					100
HG941718.1	3234381	3235017	ISEc22	1		FP	FP	FP	FP	FP					100
HG941718.1	3238712	3239732	ISEc22	1		FP	FP	FP	FP	FP					100
HG941718.1	3240103	3240535	ISEc22	1		FP	FP	FP	FP	FP					100
HG941718.1	3289338	3289854	ISEc52	1		FP	FP	FP	FP	FP					100
HG941718.1	3287787	3288018	ISEc52	1		FP	FP	FP	FP	FP					100
HG941718.1	3286601	3287645	ISEc52	1		FP	FP	FP	FP	FP					100
HG941718.1	3286469	3286580	ISEc52	1		FP	FP	FP	FP	FP					100
HG941718.1	3289338	3289854	ISEc52	2		FP	FP	FP	FP	FP					100
HG941718.1	3291236	3291338	ISEc52	2		FP	FP	FP	FP	FP					100
HG941718.1	3291869	3291977	ISEc52	2		FP	FP	FP	FP	FP					100
HG941718.1	3292381	3292615	ISEc52	2		FP	FP	FP	FP	FP					100
HG941718.1	3294664	3294841	ISSd1	1	['IS600', 'ISS1']	FP	FP	FP	FP	FP					100
HG941718.1	3292734	3292968	ISSd1	1	['IS600', 'ISS1']	FP	FP	FP	FP	FP					100
HG941718.1	3292381	3292615	ISSd1	1	['IS600', 'ISS1']	FP	FP	FP	FP	FP					100
HG941718.1	3291869	3291977	ISSd1	1	['IS600', 'ISS1']	FP	FP	FP	FP	FP					100
HG941718.1	3296429	3296690	ISEc24	1		FP	FP	FP	FP	FP					100
HG941718.1	3296731	3297292	ISEc24	1		FP	FP	FP	FP	FP					100
HG941718.1	3294664	3294841	ISEc24	1		FP	FP	FP	FP	FP					100
HG941718.1	3312655	3312829	IS30	1	['IS30H']	FP	FP	FP	FP	FP					100
HG941718.1	3308721	3312609	IS30	1	['IS30H']	FP	FP	FP	FP	FP					100
HG941718.1	3308355	3308442	IS30	1	['IS30H']	FP	FP	FP	FP	FP					100
HG941718.1	3315775	3315871	IS30	1	['IS30H']	FP	FP	FP	FP	FP					100
HG941718.1	3315775	3315871	ISEc1	1	['H-rptE', 'ISEc5', 'RhsE']	FP	FP	FP	FP	FP					100
HG941718.1	3318111	3318393	ISEc1	1	['H-rptE', 'ISEc5', 'RhsE']	FP	FP	FP	FP	FP					100
HG941718.1	3318408	3318522	ISEc1	1	['H-rptE', 'ISEc5', 'RhsE']	FP	FP	FP	FP	FP					100
HG941718.1	3318765	3318996	ISEc1	1	['H-rptE', 'ISEc5', 'RhsE']	FP	FP	FP	FP	FP					100
HG941718.1	3326166	3326901	IS2	1	['IS4521L', 'IS4521R']	FP	FP	FP	FP	FP					100
HG941718.1	3326936	3327860	IS2	1	['IS4521L', 'IS4521R']	FP	FP	FP	FP	FP					100
HG941718.1	3323385	3323490	IS2	1	['IS4521L', 'IS4521R']	FP	FP	FP	FP	FP					100
HG941718.1	3321110	3323201	IS2	1	['IS4521L', 'IS4521R']	FP	FP	FP	FP	FP					100
HG941718.1	3320799	3321033	IS2	1	['IS4521L', 'IS4521R']	FP	FP	FP	FP	FP					100
HG941718.1	3338301	3338685	IS1203	1	['IS3411']	FP	FP	FP	FP	FP					100
HG941718.1	3338758	3338827	IS1203	1	['IS3411']	FP	FP	FP	FP	FP					100
HG941718.1	3338851	3339421	IS1203	1	['IS3411']	FP	FP	FP	FP	FP					100
HG941718.1	3360115	3360271	ISSd1	2	['IS600', 'ISS1']	FP	FP	FP	FP	FP					100
HG941718.1	3358874	3359630	ISSd1	2	['IS600', 'ISS1']	FP	FP	FP	FP	FP					100
HG941718.1	3363496	3364480	ISSd1	2	['IS600', 'ISS1']	FP	FP	FP	FP	FP					100
HG941718.1	3364551	3365700	ISSd1	2	['IS600', 'ISS1']	FP	FP	FP	FP	FP					100
HG941718.1	3365723	3367400	ISSd1	2	['IS600', 'ISS1']	FP	FP	FP	FP	FP					100
HG941718.1	3560348	3561713	IS4	1		FP	FP	FP	FP	FP					100
HG941718.1	3561784	3562174	IS4	1		FP	FP	FP	FP	FP					100
HG941718.1	3562187	3564482	IS4	1		FP	FP	FP	FP	FP					100
HG941718.1	3556148	3557459	IS4	1		FP	FP	FP	FP	FP					100
HG941718.1	3555917	3556088	IS4	1		FP	FP	FP	FP	FP					100
HG941718.1	3823666	3823798	IS1R	1	['IS1G']	FP	FP	FP	FP	FP					100
HG941718.1	3823969	3825592	IS1R	1	['IS1G']	FP	FP	FP	FP	FP					100
HG941718.1	3818929	3819331	IS1R	1	['IS1G']	FP	FP	FP	FP	FP					100
HG941718.1	3818250	3818919	IS1R	1	['IS1G']	FP	FP	FP	FP	FP					100
HG941718.1	4141250	4141589	IS1A	1	['IS1SD']	FP	FP	FP	FP	FP					100
HG941718.1	4141596	4141713	IS1A	1	['IS1SD']	FP	FP	FP	FP	FP					100
HG941718.1	4142000	4142606	IS1A	1	['IS1SD']	FP	FP	FP	FP	FP					100
HG941718.1	4137114	4139496	IS1A	1	['IS1SD']	FP	FP	FP	FP	FP					100
HG941718.1	4135870	4137100	IS1A	1	['IS1SD']	FP	FP	FP	FP	FP					100
HG941718.1	4135695	4135818	IS1A	1	['IS1SD']	FP	FP	FP	FP	FP					100
HG941718.1	4160352	4160985	IS1A	2	['IS1SD']	FP	FP	FP	FP	FP					100
HG941718.1	4161107	4161491	IS1A	2	['IS1SD']	FP	FP	FP	FP	FP					100
HG941718.1	4161806	4162394	IS1A	2	['IS1SD']	FP	FP	FP	FP	FP					100
HG941718.1	4162406	4163438	IS1A	2	['IS1SD']	FP	FP	FP	FP	FP					100
HG941718.1	4163444	4164032	IS1A	2	['IS1SD']	FP	FP	FP	FP	FP					100
HG941718.1	4161806	4162394	IS1F	1	['IS1T', 'IS1X1']	FP	FP	FP	FP	FP					100
HG941718.1	4162406	4163438	IS1F	1	['IS1T', 'IS1X1']	FP	FP	FP	FP	FP					100
HG941718.1	4163444	4164032	IS1F	1	['IS1T', 'IS1X1']	FP	FP	FP	FP	FP					100
HG941718.1	4161107	4161491	IS1F	1	['IS1T', 'IS1X1']	FP	FP	FP	FP	FP					100
HG941718.1	4160352	4160985	IS1F	1	['IS1T', 'IS1X1']	FP	FP	FP	FP	FP					100
HG941718.1	4164099	4164213	IS1F	1	['IS1T', 'IS1X1']	FP	FP	FP	FP	FP					100
HG941718.1	4164379	4164559	IS1F	1	['IS1T', 'IS1X1']	FP	FP	FP	FP	FP					100
HG941718.1	4164773	4165301	IS1F	1	['IS1T', 'IS1X1']	FP	FP	FP	FP	FP					100
HG941718.1	4173943	4174135	IS1F	2	['IS1T', 'IS1X1']	FP	FP	FP	FP	FP					100
HG941718.1	4174211	4174439	IS1F	2	['IS1T', 'IS1X1']	FP	FP	FP	FP	FP					100
HG941718.1	4174501	4174570	IS1F	2	['IS1T', 'IS1X1']	FP	FP	FP	FP	FP					100
HG941718.1	4170280	4170586	IS1F	2	['IS1T', 'IS1X1']	FP	FP	FP	FP	FP					100
HG941718.1	4169180	4169978	IS1F	2	['IS1T', 'IS1X1']	FP	FP	FP	FP	FP					100
HG941718.1	4166558	4169141	IS1F	2	['IS1T', 'IS1X1']	FP	FP	FP	FP	FP					100
HG941718.1	4174501	4174570	ISEc52	3		FP	FP	FP	FP	FP					100
HG941718.1	4174211	4174439	ISEc52	3		FP	FP	FP	FP	FP					100
HG941718.1	4177837	4180687	ISEc52	3		FP	FP	FP	FP	FP					100
HG941718.1	4180780	4181341	ISEc52	3		FP	FP	FP	FP	FP					100
HG941718.1	4181439	4181697	ISEc52	3		FP	FP	FP	FP	FP					100
HG941718.1	4927860	4928874	ISEc49	1		FP	FP	FP	FP	FP					100
HG941718.1	4928885	4930202	ISEc49	1		FP	FP	FP	FP	FP					100
HG941718.1	4930229	4931150	ISEc49	1		FP	FP	FP	FP	FP					100
HG941718.1	4924599	4924836	ISEc49	1		FP	FP	FP	FP	FP					100
HG941718.1	4923530	4924400	ISEc49	1		FP	FP	FP	FP	FP					100
HG941718.1	4923356	4923452	ISEc49	1		FP	FP	FP	FP	FP					100
HG941718.1	4940403	4941549	IS200C	1	['IS200', 'IS200B']	FP	FP	FP	FP	FP					100
HG941718.1	4941642	4941756	IS200C	1	['IS200', 'IS200B']	FP	FP	FP	FP	FP					100
HG941718.1	4941765	4942047	IS200C	1	['IS200', 'IS200B']	FP	FP	FP	FP	FP					100
HG941718.1	4934655	4935816	IS200C	1	['IS200', 'IS200B']	FP	FP	FP	FP	FP					100
HG941718.1	4934492	4934624	IS200C	1	['IS200', 'IS200B']	FP	FP	FP	FP	FP					100
HG941718.1	4941765	4942047	ISEch14	1		FP	FP	FP	FP	FP					100
HG941718.1	4941642	4941756	ISEch14	1		FP	FP	FP	FP	FP					100
HG941718.1	4940403	4941549	ISEch14	1		FP	FP	FP	FP	FP					100
HG941718.1	4945092	4945203	ISEch14	1		FP	FP	FP	FP	FP					100
HG941718.1	4945333	4946101	ISEch14	1		FP	FP	FP	FP	FP					100
HG941718.1	4946101	4946992	ISEch14	1		FP	FP	FP	FP	FP					100
HG941718.1	4954027	4954138	IS609	2		FP	FP	FP	FP	FP					100
HG941718.1	4954194	4954290	IS609	2		FP	FP	FP	FP	FP					100
HG941718.1	4954299	4954410	IS609	2		FP	FP	FP	FP	FP					100
HG941718.1	4952357	4952879	IS609	2		FP	FP	FP	FP	FP					100
HG941718.1	4951407	4952352	IS609	2		FP	FP	FP	FP	FP					100
HG941718.1	4948996	4951321	IS609	2		FP	FP	FP	FP	FP					100
HG941718.1	4958551	4958965	ISEc49	2		FP	FP	FP	FP	FP					100
HG941718.1	4958973	4959375	ISEc49	2		FP	FP	FP	FP	FP					100
HG941718.1	4959634	4960204	ISEc49	2		FP	FP	FP	FP	FP					100
HG941718.1	4954425	4955799	ISEc49	2		FP	FP	FP	FP	FP					100
HG941718.1	4954299	4954410	ISEc49	2		FP	FP	FP	FP	FP					100
HG941718.1	4971087	4971564	ISCfr4	1		FP	FP	FP	FP	FP					100
HG941718.1	4970277	4971072	ISCfr4	1		FP	FP	FP	FP	FP					100
HG941718.1	4969438	4970257	ISCfr4	1		FP	FP	FP	FP	FP					100
HG941718.1	4974596	4974965	ISCfr4	1		FP	FP	FP	FP	FP					100
HG941718.1	4975054	4975432	ISCfr4	1		FP	FP	FP	FP	FP					100
HG941718.1	5010116	5010206	MITEEc1	1		FP	FP	FP	FP	FP					100
HG941718.1	5010273	5011254	MITEEc1	1		FP	FP	FP	FP	FP					100
HG941718.1	5006824	5006896	MITEEc1	1		FP	FP	FP	FP	FP					100
HG941718.1	5006543	5006801	MITEEc1	1		FP	FP	FP	FP	FP					100
HG941718.1	5017181	5017247	MITEEc1	2		FP	FP	FP	FP	FP					100
HG941718.1	5017625	5018180	MITEEc1	2		FP	FP	FP	FP	FP					100
HG941718.1	5013957	5014353	MITEEc1	2		FP	FP	FP	FP	FP					100
HG941718.1	5013863	5013953	MITEEc1	2		FP	FP	FP	FP	FP					100
HG941718.1	5013529	5013676	MITEEc1	2		FP	FP	FP	FP	FP					100
HG941719.1	39125	39683	ISEc23	4		FP	FP	FP	FP	FP					100
HG941719.1	39865	40726	ISEc23	4		FP	FP	FP	FP	FP					100
HG941719.1	33507	33612	ISEc23	4		FP	FP	FP	FP	FP					100
HG941719.1	33375	33459	ISEc23	4		FP	FP	FP	FP	FP					100
HG941719.1	32643	33159	ISEc23	4		FP	FP	FP	FP	FP					100
HG941719.1	39865	40726	IS6100	1	['IS6100L', 'IS6100R', 'Tn610']	FP	FP	FP	FP	FP					100
HG941719.1	39125	39683	IS6100	1	['IS6100L', 'IS6100R', 'Tn610']	FP	FP	FP	FP	FP					100
HG941719.1	44620	45259	IS6100	1	['IS6100L', 'IS6100R', 'Tn610']	FP	FP	FP	FP	FP					100
HG941719.1	45297	47106	IS6100	1	['IS6100L', 'IS6100R', 'Tn610']	FP	FP	FP	FP	FP					100
HG941719.1	66480	66723	IS26	1	['IS15DIV']	FP	FP	FP	FP	FP					100
HG941719.1	65775	66336	IS26	1	['IS15DIV']	FP	FP	FP	FP	FP					100
HG941719.1	64812	65673	IS26	1	['IS15DIV']	FP	FP	FP	FP	FP					100
HG941719.1	68279	68426	IS26	1	['IS15DIV']	FP	FP	FP	FP	FP					100
HG941719.1	68452	69043	IS26	1	['IS15DIV']	FP	FP	FP	FP	FP					100
HG941719.1	72642	72975	IS26	2	['IS15DIV']	FP	FP	FP	FP	FP					100
HG941719.1	72383	72641	IS26	2	['IS15DIV']	FP	FP	FP	FP	FP					100
HG941719.1	71637	72291	IS26	2	['IS15DIV']	FP	FP	FP	FP	FP					100
HG941719.1	76793	77279	IS26	2	['IS15DIV']	FP	FP	FP	FP	FP					100
HG941719.1	77303	77774	IS26	2	['IS15DIV']	FP	FP	FP	FP	FP					100
HG941719.1	77775	78471	IS26	2	['IS15DIV']	FP	FP	FP	FP	FP					100
HG941719.1	85165	85927	IS26	3	['IS15DIV']	FP	FP	FP	FP	FP					100
HG941719.1	84933	85092	IS26	3	['IS15DIV']	FP	FP	FP	FP	FP					100
HG941719.1	82932	84873	IS26	3	['IS15DIV']	FP	FP	FP	FP	FP					100
HG941719.1	87256	87757	IS26	3	['IS15DIV']	FP	FP	FP	FP	FP					100
HG941719.1	87809	88823	IS26	3	['IS15DIV']	FP	FP	FP	FP	FP					100
HG941719.1	88854	89454	IS26	3	['IS15DIV']	FP	FP	FP	FP	FP					100
HG941719.1	94948	95242	IS26	4	['IS15DIV']	FP	FP	FP	FP	FP					100
HG941719.1	95250	95781	IS26	4	['IS15DIV']	FP	FP	FP	FP	FP					100
HG941719.1	95834	97001	IS26	4	['IS15DIV']	FP	FP	FP	FP	FP					100
HG941719.1	93461	93767	IS26	4	['IS15DIV']	FP	FP	FP	FP	FP					100
HG941719.1	92245	93451	IS26	4	['IS15DIV']	FP	FP	FP	FP	FP					100
HG941719.1	91886	92090	IS26	4	['IS15DIV']	FP	FP	FP	FP	FP					100
HG941719.1	99858	100131	IS26	5	['IS15DIV']	FP	FP	FP	FP	FP					100
HG941719.1	100145	100319	IS26	5	['IS15DIV']	FP	FP	FP	FP	FP					100
HG941719.1	95834	97001	IS26	5	['IS15DIV']	FP	FP	FP	FP	FP					100
HG941719.1	95250	95781	IS26	5	['IS15DIV']	FP	FP	FP	FP	FP					100
HG941719.1	103474	103597	IS15	1	['IS1522', 'IS15L', 'IS15R', 'IS26']	FP	FP	FP	FP	FP					100
HG941719.1	103848	104679	IS15	1	['IS1522', 'IS15L', 'IS15R', 'IS26']	FP	FP	FP	FP	FP					100
HG941719.1	100145	100319	IS15	1	['IS1522', 'IS15L', 'IS15R', 'IS26']	FP	FP	FP	FP	FP					100
HG941719.1	99858	100131	IS15	1	['IS1522', 'IS15L', 'IS15R', 'IS26']	FP	FP	FP	FP	FP					100
HG941719.1	107824	107911	IS26	6	['IS15DIV']	FP	FP	FP	FP	FP					100
HG941719.1	107992	108076	IS26	6	['IS15DIV']	FP	FP	FP	FP	FP					100
HG941719.1	108107	108785	IS26	6	['IS15DIV']	FP	FP	FP	FP	FP					100
HG941719.1	103848	104679	IS26	6	['IS15DIV']	FP	FP	FP	FP	FP					100
HG941719.1	103474	103597	IS26	6	['IS15DIV']	FP	FP	FP	FP	FP					100
HG941719.1	112985	113705	IS26	7	['IS15DIV']	FP	FP	FP	FP	FP					100
HG941719.1	113738	114455	IS26	7	['IS15DIV']	FP	FP	FP	FP	FP					100
HG941719.1	114493	114610	IS26	7	['IS15DIV']	FP	FP	FP	FP	FP					100
HG941719.1	112523	112793	IS26	7	['IS15DIV']	FP	FP	FP	FP	FP					100
HG941719.1	112300	112417	IS26	7	['IS15DIV']	FP	FP	FP	FP	FP					100
HG941719.1	111527	112289	IS26	7	['IS15DIV']	FP	FP	FP	FP	FP					100
HG941719.1	114642	115608	IS26	7	['IS15DIV']	FP	FP	FP	FP	FP					100
HG941719.1	115653	116406	IS26	7	['IS15DIV']	FP	FP	FP	FP	FP					100
HG941719.1	116830	116968	IS26	7	['IS15DIV']	FP	FP	FP	FP	FP					100
HG941719.1	119865	120048	IS1A	3	['IS1SD']	FP	FP	FP	FP	FP					100
HG941719.1	119494	119617	IS1A	3	['IS1SD']	FP	FP	FP	FP	FP					100
HG941719.1	118164	119334	IS1A	3	['IS1SD']	FP	FP	FP	FP	FP					100
HG941719.1	121373	122222	IS1A	3	['IS1SD']	FP	FP	FP	FP	FP					100
HG941719.1	122380	123946	IS1A	3	['IS1SD']	FP	FP	FP	FP	FP					100
HG941719.1	130304	131078	IS1R	2	['IS1G']	FP	FP	FP	FP	FP					100
HG941719.1	129791	130292	IS1R	2	['IS1G']	FP	FP	FP	FP	FP					100
HG941718.1	233727	236259	ISEc23	1						FN			0.0	+	100
HG941718.1	814902	815025	MITEEc1	1						FN			0.0	-	100
HG941718.1	1365600	1366443	ISCfr4							FN			0.0	+	100
HG941718.1	1372287	1373517	ISEc24							FN			0.0	-	100
HG941718.1	1417476	1418621	IS4							FN			0.0	-	100
HG941718.1	1480031	1482480	ISEc12	1						FN			0.0	+	100
HG941718.1	1647528	1648819	ISEc1		['H-rptE', 'ISEc5', 'RhsE']					FN			0.0	+	100
HG941718.1	1997567	1998999	IS1397	1						FN			0.0	-	100
HG941718.1	2103782	2104446	IS609	1						FN			0.0	+	100
HG941718.1	2135365	2136797	IS1397	2						FN			0.0	-	100
HG941718.1	2142423	2143132	IS200C	1	['IS200', 'IS200B']					FN			0.0	-	100
HG941718.1	2244066	2245788	ISEc38							FN			0.0	-	100
HG941718.1	2248880	2250339	ISEc20							FN			0.0	+	100
HG941718.1	2252365	2254232	IS100kyp		['IS100']					FN			0.0	-	100
HG941718.1	2265833	2268365	ISEc23	2						FN			0.0	+	100
HG941718.1	2271108	2273665	ISEc12	2						FN			0.0	+	100
HG941718.1	2284842	2285551	IS200C	1	['IS200', 'IS200B']					FN			0.0	-	100
HG941718.1	2384714	2385482	IS1A	1	['IS1SD']					FN			0.0	-	100
HG941718.1	3111919	3114403	ISEc12	3						FN			0.0	+	100
HG941718.1	3237314	3237436	MITEEc1	2						FN			0.0	-	100
HG941718.1	3288119	3288887	IS1A	2	['IS1SD']					FN			0.0	+	100
HG941718.1	3290146	3290914	IS1A	3	['IS1SD']					FN			0.0	-	100
HG941718.1	3293136	3294446	IS1203		['IS3411']					FN			0.0	-	100
HG941718.1	3295103	3295881	ISKox3							FN			0.0	-	100
HG941718.1	3314362	3315303	ISSd1		['IS600', 'ISS1']					FN			0.0	+	100
HG941718.1	3316099	3317706	ISEch14							FN			0.0	+	100
HG941718.1	3336528	3338118	ISEc22							FN			0.0	+	100
HG941718.1	3360526	3362935	ISEc10							FN			0.0	+	100
HG941718.1	3558365	3559615	ISEc52	2						FN			0.0	+	100
HG941718.1	3820313	3821771	IS609	2						FN			0.0	-	100
HG941718.1	4140077	4140846	IS1F	1	['IS1T', 'IS1X1']					FN			0.0	-	100
HG941718.1	4156066	4156581	ISSen10							FN			0.0	-	100
HG941718.1	4171128	4173827	ISCro1							FN			0.0	+	100
HG941718.1	4175107	4177238	IS21		['IS640']					FN			0.0	-	100
HG941718.1	4925088	4927620	ISEc23	3						FN			0.0	+	100
HG941718.1	4937432	4938940	ISEc9		['ISEcp1']					FN			0.0	+	100
HG941718.1	4938940	4940135	IS5		['IS5-Delta', 'IS5D']					FN			0.0	-	100
HG941718.1	4942385	4943650	IS600		['ISS1', 'ISSd1']					FN			0.0	-	100
HG941718.1	4943650	4944441	ISEc52	3						FN			0.0	+	100
HG941718.1	4953115	4953883	IS1F	2	['IS1T', 'IS1X1']					FN			0.0	+	100
HG941718.1	4956000	4958289	ISEc8							FN			0.0	-	100
HG941718.1	4971900	4974384	ISEc12	4						FN			0.0	+	100
HG941718.1	4976678	4977300	ISSen1							FN			0.0	+	100
HG941718.1	5007344	5008594	ISEc52	4						FN			0.0	-	100
HG941718.1	5014813	5016698	ISEc53							FN			0.0	-	100
HG941719.1	36288	37108	IS26	1	['IS15DIV']					FN			0.0	+	100
HG941719.1	37108	38748	IS26	2	['IS15DIV']					FN			0.0	-	100
HG941719.1	43434	44254	IS26	3	['IS15DIV']					FN			0.0	-	100
HG941719.1	66901	67669	IS1R		['IS1G']					FN			0.0	+	100
HG941719.1	93932	94812	IS6100		['IS6100L', 'IS6100R', 'Tn610']					FN			0.0	+	100
HG941719.1	131258	133790	ISEc23							FN			0.0	-	100
